City,Temp,Pressure,Humidity,Wind,Clouds,Lat,Long,Count
hobart,3.44,1040.0,93.0,2.6,75.0,-42.88,147.33,1.0
san carlos de bariloche,6,1022.0,52.0,5.7,20.0,-41.13,-71.31,2.0
atuona,26.65,1012.81,68.0,3.64,30.0,-9.8,-139.03,3.0
mersing,24.15,1010.34,94.0,0.74,0.0,2.43,103.84,4.0
upernavik,5.85,1023.16,70.0,4.71,0.0,72.79,-56.15,5.0
ushuaia,-1.91,1014.0,86.0,1.5,0.0,-54.81,-68.31,6.0
porto,21.48,1015.0,82.0,2.1,0.0,41.15,-8.61,7.0
qianan,22.65,994.76,68.0,5.62,81.0,44.99,124.06,8.0
mar del plata,2.45,1022.76,59.0,5.12,0.0,-46.43,-67.52,9.0
havoysund,7.5,998.0,87.0,3.1,75.0,71.0,24.66,10.0
kapaa,26.21,1014.0,74.0,1.5,75.0,22.08,-159.32,11.0
cherskiy,9.95,1009.95,60.0,2.45,99.0,68.75,161.3,12.0
ilulissat,11,1021.0,50.0,2.1,40.0,69.22,-51.1,13.0
marquette,28.73,1014.0,54.0,7.2,90.0,46.54,-87.4,14.0
geraldton,21,1012.0,94.0,2.1,75.0,49.72,-86.95,15.0
tiksi,1.95,1005.09,90.0,2.33,100.0,71.64,128.87,16.0
pisco,19.88,1014.0,30.0,3.1,90.0,-13.71,-76.2,17.0
michigan city,30.55,1016.0,28.0,4.1,40.0,41.71,-86.9,18.0
nikolskoye,14.79,1005.0,54.0,5.0,20.0,59.7,30.79,19.0
okhotsk,8.45,1009.49,97.0,4.33,100.0,59.36,143.24,20.0
busselton,9.04,1004.0,98.0,12.79,78.0,-33.64,115.35,21.0
atchison,24.47,1014.0,88.0,2.6,90.0,39.56,-95.12,22.0
qaanaaq,5.95,1024.15,58.0,1.56,96.0,77.48,-69.36,23.0
jamestown,9.85,1029.48,80.0,5.62,0.0,-33.21,138.6,24.0
bethel,10.76,1027.0,100.0,0.96,90.0,60.79,-161.76,25.0
alofi,23,1017.0,73.0,5.7,9.0,-19.06,-169.92,26.0
mataura,5,1031.0,95.0,0.89,60.0,-46.19,168.86,27.0
sao filipe,23.25,1012.5,85.0,9.06,92.0,14.9,-24.5,28.0
lorengau,25.55,1009.62,81.0,1.2,68.0,-2.02,147.27,29.0
carnarvon,10.75,1020.37,24.0,3.83,1.0,-30.97,22.13,30.0
cape town,15.24,1021.0,72.0,9.8,75.0,-33.93,18.42,31.0
aranos,11.45,1019.33,45.0,1.76,0.0,-24.14,19.11,32.0
airai,18.05,1014.41,79.0,2.38,0.0,-8.93,125.41,33.0
bredasdorp,15.44,1019.0,55.0,6.7,100.0,-34.53,20.04,34.0
new norfolk,3.44,1040.0,93.0,2.6,75.0,-42.78,147.06,35.0
albany,31.1,1018.0,40.0,1.5,75.0,42.65,-73.75,36.0
hithadhoo,29.15,1010.76,77.0,5.54,100.0,-0.6,73.08,37.0
itarema,29.75,1010.34,63.0,5.13,14.0,-2.92,-39.92,38.0
bluff,15.15,1022.22,85.0,8.57,100.0,-23.58,149.07,39.0
hilo,23.31,1014.0,88.0,3.1,90.0,19.71,-155.08,40.0
vila,28.87,1016.0,45.0,2.1,20.0,45.18,8.4,41.0
hickory,32.07,1017.0,52.0,3.1,1.0,35.73,-81.34,42.0
khatanga,10.65,1008.48,63.0,5.86,100.0,71.98,102.47,43.0
coquimbo,20.16,1014.0,67.0,5.7,0.0,-29.95,-71.34,44.0
agdas,22,1012.0,73.0,1.87,1.0,40.65,47.48,45.0
celestun,27.35,1014.15,83.0,7.46,0.0,20.87,-90.4,46.0
sitka,32.78,1005.0,49.0,7.15,0.0,37.17,-99.65,47.0
hami,29.25,1004.86,22.0,16.27,46.0,42.84,93.51,48.0
port elizabeth,30.96,1017.0,59.0,5.1,1.0,39.31,-74.98,49.0
port hardy,13,1018.0,87.0,1.5,90.0,50.7,-127.42,50.0
brigantine,29.68,1018.0,62.0,4.6,1.0,39.41,-74.36,51.0
lake havasu city,34.96,1009.0,11.0,6.2,1.0,34.47,-114.34,52.0
nyuksenitsa,12.15,993.52,96.0,1.7,98.0,60.41,44.24,53.0
burns lake,10.65,1016.9,93.0,1.69,100.0,54.23,-125.76,54.0
yining,22.75,1003.31,96.0,0.53,100.0,29.04,114.56,55.0
norman wells,20,1020.0,52.0,4.1,75.0,65.28,-126.83,56.0
rikitea,19.35,1021.49,67.0,10.85,66.0,-23.12,-134.97,57.0
neuquen,6,1025.0,81.0,1.0,75.0,-38.95,-68.06,58.0
tasiilaq,12,1022.0,54.0,3.1,5.0,65.61,-37.64,59.0
porto novo,18,1013.0,93.0,2.6,90.0,-23.68,-45.44,60.0
dole,28.01,1017.0,39.0,4.6,0.0,47.09,5.49,61.0
lompoc,18.52,1016.0,82.0,5.1,90.0,34.64,-120.46,62.0
vaini,25.95,1007.17,87.0,3.1,100.0,15.34,74.49,63.0
shingu,18.05,1004.61,95.0,1.78,92.0,33.72,135.99,64.0
punta arenas,0.85,1017.0,86.0,5.1,75.0,-53.16,-70.91,65.0
puerto ayora,24.16,1012.0,57.0,7.7,20.0,-0.74,-90.35,66.0
castro,8,1027.0,81.0,2.1,75.0,-42.48,-73.76,67.0
svetlogorsk,18,1006.0,68.0,3.0,75.0,53.14,59.15,68.0
faya,21.51,1022.0,73.0,1.5,0.0,18.39,42.45,69.0
caiaponia,28.85,1010.38,36.0,5.82,40.0,-16.96,-51.81,70.0
barrow,6.45,1020.05,65.0,8.99,93.0,-38.31,-60.23,71.0
verkhovazhye,13.35,993.17,94.0,3.58,100.0,60.75,42.05,72.0
vila velha,29.02,1012.0,58.0,7.7,0.0,-3.71,-38.6,73.0
dikson,1.55,1016.83,94.0,6.38,98.0,73.51,80.55,74.0
hastings,6.75,1015.07,94.0,4.41,100.0,-39.64,176.84,75.0
khryashchevka,19,1006.0,45.0,5.0,20.0,53.81,49.09,76.0
buraydah,38,1008.0,17.0,2.6,0.0,26.33,43.97,77.0
seddon,3.6,1035.0,100.0,1.0,0.0,-37.81,144.89,78.0
eyl,26.65,1008.63,58.0,10.52,18.0,7.98,49.82,79.0
tuktoyaktuk,11,1018.0,81.0,10.3,75.0,69.44,-133.03,80.0
saint george,29.88,1013.0,30.0,2.6,40.0,39.45,22.34,81.0
ludvika,8.83,1000.0,93.0,2.1,100.0,60.15,15.18,82.0
beian,9.95,1009.0,71.0,6.7,75.0,63.66,9.57,83.0
baie-comeau,26.57,1014.0,47.0,6.2,1.0,49.22,-68.15,84.0
mahebourg,21.13,1020.0,78.0,3.1,40.0,-20.41,57.7,85.0
trincomalee,27.25,1008.68,71.0,4.28,90.0,8.58,81.23,86.0
klichka,9.35,1004.73,57.0,4.6,74.0,50.44,118.0,87.0
port alfred,13.89,1016.0,91.0,1.34,0.0,-33.59,26.89,88.0
bitung,23,1012.0,100.0,1.0,40.0,1.44,125.19,89.0
phalombe,12.85,1021.54,83.0,2.48,0.0,-15.81,35.65,90.0
lamu,12.85,1011.03,56.0,0.59,7.0,35.77,102.37,91.0
entebbe,18.95,1012.86,82.0,1.69,0.0,0.06,32.45,92.0
ponta do sol,22.95,1012.12,49.0,4.96,54.0,-20.63,-46.0,93.0
cuneo,26.4,1017.0,54.0,2.1,20.0,44.39,7.55,94.0
maragogi,26.45,1012.89,81.0,3.12,50.0,-9.01,-35.22,95.0
saskylakh,8.75,1002.75,86.0,5.03,77.0,71.97,114.09,96.0
arraial do cabo,23.29,1012.0,94.0,7.7,75.0,-22.97,-42.02,97.0
aklavik,13.43,1021.0,93.0,4.1,90.0,68.22,-135.01,98.0
erenhot,20.55,997.29,61.0,3.31,83.0,43.65,111.97,99.0
sergeyevka,16.05,1004.46,88.0,4.97,25.0,53.88,67.42,100.0
morrope,19,1012.0,29.0,3.1,40.0,-6.54,-80.02,101.0
mogzon,7.95,1010.95,75.0,0.58,4.0,51.74,111.97,102.0
cayenne,30,1012.0,66.0,5.7,3.0,4.94,-52.33,103.0
storsteinnes,9.17,1001.0,87.0,1.53,75.0,69.24,19.23,104.0
mehamn,8.67,998.0,81.0,3.1,75.0,71.03,27.85,105.0
port-gentil,23,1013.0,94.0,3.6,75.0,-0.72,8.78,106.0
aci castello,28.91,1015.0,58.0,4.1,20.0,37.55,15.15,107.0
rancharia,22,1011.0,83.0,3.6,90.0,-22.23,-50.89,108.0
rio gallegos,2,1018.0,59.0,3.1,75.0,-51.62,-69.22,109.0
namie,17.59,1006.0,65.0,0.89,61.0,37.52,140.86,110.0
narsaq,18,1020.0,36.0,4.1,20.0,60.91,-46.05,111.0
jumla,13.65,1008.06,97.0,1.12,100.0,29.28,82.18,112.0
talara,17,1012.0,290.0,8.2,0.0,-4.58,-81.27,113.0
bulungu,27.75,1008.53,32.0,1.18,85.0,-4.54,18.6,114.0
harper,27.79,1016.0,83.0,3.6,90.0,30.3,-99.24,115.0
sambava,20.05,1019.31,88.0,0.96,90.0,-14.27,50.17,116.0
moosomin,19.95,1014.12,59.0,4.03,5.0,50.14,-101.67,117.0
mutis,27.45,1008.6,79.0,4.62,40.0,6.23,-77.4,118.0
esperance,12,1005.0,100.0,3.6,90.0,-33.86,121.89,119.0
paamiut,6.95,1022.32,77.0,1.64,56.0,61.99,-49.67,120.0
cullera,28.38,1015.0,40.0,4.1,0.0,39.16,-0.25,121.0
taksimo,6.15,1013.0,65.0,1.41,27.0,56.36,114.84,122.0
rundu,19,1024.0,29.0,1.5,6.0,-17.91,19.77,123.0
saint-joseph,27.38,1015.0,61.0,1.5,0.0,43.56,6.97,124.0
thompson,12,1007.0,87.0,5.7,90.0,55.74,-97.86,125.0
butaritari,28.65,1008.47,70.0,2.99,70.0,3.07,172.79,126.0
east london,13,1017.0,93.0,4.1,0.0,-33.02,27.91,127.0
te anau,3.05,1029.52,84.0,1.68,65.0,-45.41,167.72,128.0
luderitz,14,1021.0,87.0,7.7,0.0,-26.65,15.16,129.0
acapulco,30,1012.0,74.0,2.1,90.0,16.86,-99.88,130.0
kavieng,28.85,1009.35,69.0,3.87,100.0,-2.57,150.8,131.0
progreso,8.44,1018.0,65.0,8.2,75.0,-34.68,-56.22,132.0
maldonado,9,1015.0,66.0,11.3,75.0,-34.91,-54.96,133.0
tuatapere,5,1031.0,95.0,0.89,61.0,-46.13,167.69,134.0
atikokan,25.45,1011.03,55.0,1.66,100.0,48.76,-91.62,135.0
sabzevar,26.55,1009.09,14.0,3.18,0.0,36.21,57.68,136.0
ahuimanu,25.87,1013.0,88.0,2.1,75.0,21.44,-157.84,137.0
marawi,23.89,1011.0,92.0,0.89,100.0,8.0,124.29,138.0
constitucion,24.79,1026.0,27.0,2.1,20.0,23.99,-104.67,139.0
mirnyy,9.65,1008.25,81.0,1.93,41.0,56.57,36.46,140.0
pacific grove,17.65,1016.0,72.0,4.1,90.0,36.62,-121.92,141.0
kisangani,25.35,1009.2,66.0,0.65,26.0,0.52,25.21,142.0
calvinia,8.15,1022.7,84.0,1.24,24.0,-31.47,19.78,143.0
taoudenni,45.05,1004.52,8.0,7.55,45.0,22.68,-3.98,144.0
nome,32.01,1018.0,75.0,4.1,1.0,30.04,-94.42,145.0
buzmeyin,28,1008.0,26.0,3.71,20.0,38.05,58.21,146.0
ponta delgada,18,1023.0,93.0,3.6,75.0,37.73,-25.67,147.0
chokurdakh,7.35,1008.57,77.0,2.3,45.0,70.62,147.9,148.0
ribeira grande,24,1023.0,60.0,2.1,20.0,38.52,-28.7,149.0
yar-sale,19.65,1002.95,64.0,8.34,83.0,66.83,70.83,150.0
fortuna,17.69,1017.0,93.0,3.6,90.0,40.6,-124.16,151.0
dom pedrito,11,1017.0,53.0,3.1,0.0,-30.98,-54.67,152.0
manokwari,22.75,1010.96,79.0,2.12,100.0,-0.87,134.08,153.0
mount isa,15,1019.0,47.0,1.5,40.0,-20.73,139.49,154.0
riyadh,37,1006.0,8.0,4.1,0.0,24.63,46.72,155.0
kudahuvadhoo,28.65,1011.32,75.0,2.62,95.0,2.67,72.89,156.0
saint-philippe,31.85,1017.0,40.0,5.7,1.0,45.36,-73.48,157.0
vyazemskiy,15.25,1004.46,94.0,2.44,28.0,47.53,134.76,158.0
mumford,23.85,1011.58,91.0,2.84,100.0,5.26,-0.76,159.0
klyuchi,18.45,1005.18,67.0,3.33,17.0,52.25,79.17,160.0
lengshuijiang,22.15,1004.36,98.0,0.2,100.0,27.66,111.45,161.0
iqaluit,7.88,1015.0,70.0,8.7,40.0,63.75,-68.52,162.0
belmonte,23.87,1012.0,38.0,3.9,64.0,40.36,-7.35,163.0
diapaga,28.25,1008.8,65.0,3.46,100.0,12.07,1.79,164.0
husavik,25.31,1015.0,25.0,1.34,7.0,50.56,-96.99,165.0
shemonaikha,19.95,1008.02,51.0,4.82,48.0,50.63,81.92,166.0
westport,31.43,1018.0,48.0,2.6,1.0,41.14,-73.36,167.0
nantucket,27.1,1019.0,78.0,4.1,1.0,41.28,-70.1,168.0
klaksvik,9,1014.0,100.0,6.2,100.0,62.23,-6.59,169.0
gat,26,1011.0,69.0,6.7,20.0,14.69,-16.54,170.0
sola,22.25,1011.88,39.0,2.11,41.0,-3.17,33.8,171.0
mandla,25.15,997.49,90.0,2.41,100.0,22.6,80.37,172.0
sabang,22.65,1010.41,91.0,0.42,22.0,13.8,121.11,173.0
hobyo,25.55,1010.36,74.0,12.36,100.0,5.35,48.53,174.0
kodiak,25.24,1014.0,50.0,4.1,1.0,39.95,-94.76,175.0
antalaha,17.65,1019.78,97.0,1.17,97.0,-14.9,50.28,176.0
sur,29.65,998.37,63.0,6.25,4.0,22.57,59.53,177.0
rosario do sul,11.35,1018.6,56.0,4.23,94.0,-30.26,-54.91,178.0
torbay,10.9,1011.0,100.0,1.5,90.0,47.66,-52.73,179.0
grandview,24.17,1015.0,88.0,5.1,90.0,38.89,-94.53,180.0
berlevag,9,998.0,81.0,3.1,75.0,70.86,29.09,181.0
waingapu,18.65,1013.95,90.0,3.45,5.0,-9.65,120.26,182.0
puerto escondido,31,1012.0,66.0,3.1,90.0,15.86,-97.07,183.0
kupang,23.15,1014.04,73.0,5.94,0.0,-10.16,123.6,184.0
pedernales,24.45,1010.01,88.0,7.79,100.0,0.07,-80.05,185.0
veydelevka,14.05,1015.82,76.0,2.81,7.0,50.15,38.45,186.0
port lincoln,13.75,1027.32,73.0,9.28,0.0,-34.72,135.86,187.0
hermanus,14.2,1017.0,91.0,4.92,100.0,-34.42,19.24,188.0
portree,12.78,1018.0,96.0,4.47,100.0,57.41,-6.19,189.0
kruisfontein,10.95,1017.01,88.0,3.27,17.0,-34.0,24.73,190.0
khani,23,1014.0,88.0,3.1,75.0,41.96,42.96,191.0
beloha,18.05,1021.52,87.0,3.03,46.0,-25.17,45.06,192.0
makakilo city,25.78,1014.0,78.0,1.65,1.0,21.35,-158.09,193.0
morant bay,31,1013.0,55.0,10.8,20.0,17.88,-76.41,194.0
houston,32.18,1016.0,55.0,2.6,40.0,29.76,-95.37,195.0
longyearbyen,10,1018.0,61.0,10.8,40.0,78.22,15.63,196.0
taywarah,18.95,1004.4,27.0,3.39,0.0,33.35,64.42,197.0
yellowknife,20,1021.0,40.0,2.6,20.0,62.45,-114.38,198.0
pevek,0.75,1012.24,98.0,3.47,97.0,69.7,170.27,199.0
dingle,23.55,1010.61,82.0,1.11,25.0,11.0,122.67,200.0
thayetmyo,25.05,1004.25,90.0,2.7,90.0,19.32,95.18,201.0
merauke,24.75,1013.01,80.0,8.33,83.0,-8.49,140.4,202.0
isangel,23.55,1014.88,76.0,4.31,0.0,-19.55,169.27,203.0
atar,45,1009.0,21.0,8.2,0.0,20.52,-13.05,204.0
cabo san lucas,29.62,1014.0,55.0,2.1,5.0,22.89,-109.91,205.0
poum,26,1018.0,50.0,2.6,20.0,41.28,20.71,206.0
marsa matruh,27,1012.0,74.0,5.7,40.0,31.35,27.25,207.0
kumo,25.35,1009.33,73.0,1.28,83.0,10.05,11.21,208.0
takoradi,24.35,1011.85,88.0,2.82,99.0,4.89,-1.75,209.0
rio branco,32,1011.0,55.0,4.1,40.0,-9.98,-67.82,210.0
parsons,29.06,1015.0,78.0,3.1,90.0,37.34,-95.26,211.0
bafut,17.65,1012.52,99.0,0.74,100.0,6.09,10.11,212.0
georgetown,31.06,1012.0,74.0,6.2,75.0,6.8,-58.16,213.0
arti,13.85,1003.06,92.0,4.24,0.0,56.43,58.53,214.0
abha,21.52,1022.0,73.0,1.5,0.0,18.22,42.5,215.0
markova,14.56,1012.0,71.0,1.7,0.0,52.21,104.21,216.0
arona,27.61,1016.0,45.0,2.1,20.0,45.76,8.56,217.0
sijunjung,19.75,1011.66,97.0,0.47,99.0,-0.69,100.95,218.0
katsuura,21.78,1004.0,94.0,1.5,20.0,33.93,134.5,219.0
lavrentiya,9.95,1019.49,82.0,4.6,92.0,65.58,-170.99,220.0
ergani,27.51,1010.0,38.0,2.6,20.0,38.27,39.76,221.0
lyngseidet,9,1001.0,87.0,4.96,75.0,69.58,20.21,222.0
bandarbeyla,27.55,1006.87,54.0,11.07,9.0,9.49,50.81,223.0
lagoa,21.09,1016.0,73.0,5.7,20.0,37.14,-8.45,224.0
delano,27.79,1013.0,27.0,3.7,1.0,35.77,-119.25,225.0
dryden,22,1013.0,56.0,3.1,20.0,49.79,-92.84,226.0
padang,28.35,1011.41,81.0,4.33,83.0,-0.92,100.36,227.0
moussoro,33.85,1005.37,38.0,6.6,48.0,13.64,16.49,228.0
la ronge,14,1013.0,71.0,10.3,90.0,55.1,-105.3,229.0
promyshlennaya,16,1007.0,100.0,3.0,0.0,54.92,85.64,230.0
fort nelson,18,1022.0,52.0,1.5,75.0,58.81,-122.69,231.0
nanortalik,6.45,1021.74,72.0,2.62,2.0,60.14,-45.24,232.0
manono,25.05,1011.61,33.0,2.49,6.0,-7.3,27.4,233.0
ofaqim,25.45,1008.0,71.0,0.45,0.0,31.31,34.62,234.0
champerico,31,1014.0,40.0,2.1,20.0,16.38,-93.6,235.0
terrace,16,1018.0,82.0,0.93,75.0,54.52,-128.61,236.0
kaitangata,6.11,1027.0,78.0,1.79,87.0,-46.28,169.85,237.0
haines junction,18.55,1021.99,50.0,2.03,5.0,60.75,-137.51,238.0
vostok,12.55,1005.89,96.0,0.98,30.0,46.45,135.83,239.0
kidal,41.25,1005.37,11.0,4.69,52.0,18.44,1.41,240.0
rolla,31.1,1016.0,58.0,3.6,20.0,37.95,-91.77,241.0
namibe,21.45,1012.55,74.0,4.81,0.0,-15.19,12.15,242.0
ariquemes,34.75,1009.16,35.0,1.52,0.0,-9.91,-63.03,243.0
cidreira,11.65,1016.36,51.0,6.36,42.0,-30.17,-50.22,244.0
lebu,15,1026.0,87.0,1.0,75.0,8.96,38.73,245.0
pascagoula,33.54,1018.0,47.0,1.5,75.0,30.37,-88.56,246.0
mount gambier,5,1032.0,93.0,2.6,2.0,-37.83,140.78,247.0
lulea,14,1000.0,71.0,1.46,75.0,65.58,22.15,248.0
smithers,16,1018.0,82.0,1.0,90.0,54.78,-127.17,249.0
alghero,30,1015.0,58.0,4.6,0.0,40.56,8.32,250.0
udachnyy,14,1001.0,82.0,2.0,90.0,66.42,112.4,251.0
algiers,33.02,1019.0,62.0,2.6,75.0,29.94,-90.04,252.0
grand gaube,21.28,1020.0,78.0,3.1,40.0,-20.01,57.66,253.0
porto nacional,34,1011.0,34.0,2.6,20.0,-10.7,-48.41,254.0
santa lucia,28.25,1015.0,35.0,3.6,0.0,41.98,12.66,255.0
ixtapa,31.06,1012.0,33.0,4.6,5.0,20.71,-105.21,256.0
vardo,31.13,1017.0,70.0,3.6,90.0,39.62,-77.74,257.0
severo-kurilsk,5.65,1013.04,97.0,4.96,99.0,50.68,156.12,258.0
mukhen,15.15,1004.63,97.0,1.98,63.0,48.19,136.14,259.0
sohag,37,1005.0,14.0,8.7,0.0,26.55,31.7,260.0
kalmunai,26.25,1009.24,75.0,1.62,90.0,7.42,81.82,261.0
damghan,16.55,1009.71,80.0,1.48,0.0,36.17,54.34,262.0
sakaiminato,21,1005.0,88.0,3.1,75.0,35.55,133.23,263.0
the valley,30.68,1017.0,62.0,7.7,40.0,18.22,-63.06,264.0
lakes entrance,4.73,1035.0,96.0,1.85,42.0,-37.88,147.99,265.0
yaan,25.65,1010.6,92.0,1.95,96.0,7.38,8.57,266.0
bay roberts,10.89,1011.0,82.0,1.5,90.0,47.58,-53.28,267.0
obidos,21.69,1015.0,56.0,3.1,20.0,39.36,-9.16,268.0
chauk,26.25,1001.87,81.0,5.14,99.0,20.89,94.82,269.0
kargasok,17.25,1002.23,96.0,2.04,95.0,59.06,80.87,270.0
gangawati,26.35,1007.24,69.0,10.26,89.0,15.43,76.53,271.0
provideniya,9.55,1019.61,87.0,2.23,98.0,64.42,-173.23,272.0
hamilton,28.41,1017.0,69.0,1.5,75.0,43.26,-79.87,273.0
bambous virieux,21.16,1020.0,78.0,3.1,40.0,-20.34,57.76,274.0
chipinge,14.75,1021.84,57.0,2.47,0.0,-20.19,32.62,275.0
ancud,8,1027.0,81.0,2.1,75.0,-41.87,-73.83,276.0
colesberg,8.75,1020.53,26.0,4.24,0.0,-30.72,25.1,277.0
ashqelon,24.86,1009.0,61.0,3.6,0.0,31.67,34.57,278.0
avarua,21,1021.0,73.0,5.1,61.0,-21.21,-159.78,279.0
magalia,26.17,1013.0,34.0,1.94,20.0,39.81,-121.58,280.0
bonavista,9.44,1008.0,80.0,0.89,100.0,48.65,-53.11,281.0
praia da vitoria,22.97,1024.0,64.0,3.43,20.0,38.73,-27.07,282.0
mogadishu,24.65,1012.64,82.0,5.67,43.0,2.04,45.34,283.0
lovozero,15.35,997.95,75.0,3.06,96.0,68.01,35.02,284.0
jose de freitas,34,1010.0,44.0,3.1,40.0,-4.76,-42.58,285.0
bulgan,8.55,1013.49,66.0,2.03,0.0,48.81,103.53,286.0
adrar,45,1010.0,7.0,3.1,0.0,27.87,-0.29,287.0
aswan,38,1005.0,6.0,4.6,0.0,24.09,32.9,288.0
tabou,24.45,1012.37,85.0,2.7,100.0,4.42,-7.36,289.0
pangnirtung,11,1016.0,57.0,4.6,75.0,66.15,-65.72,290.0
abong mbang,20.55,1012.6,97.0,0.66,100.0,3.98,13.18,291.0
kaduqli,28.35,1009.61,58.0,2.26,12.0,11.01,29.72,292.0
hasaki,18.96,1006.0,100.0,3.1,40.0,35.73,140.83,293.0
sinazongwe,16.85,1018.85,46.0,2.17,0.0,-17.26,27.46,294.0
teacapan,27.95,1012.86,68.0,1.97,0.0,22.54,-105.74,295.0
mecca,29.85,1004.36,41.0,2.22,0.0,21.43,39.83,296.0
wajir,31,1011.0,38.0,2.6,75.0,1.75,40.07,297.0
pringsewu,22.95,1012.0,97.0,1.68,70.0,-5.36,104.98,298.0
atbasar,16.25,1006.73,79.0,4.05,7.0,51.81,68.36,299.0
rapid valley,18.27,1017.0,100.0,3.1,75.0,44.06,-103.15,300.0
ouadda,21.75,1010.21,93.0,1.25,43.0,8.07,22.4,301.0
pimentel,29.45,1009.41,73.0,1.97,4.0,-3.7,-45.5,302.0
savannakhet,22.85,1007.56,92.0,5.15,97.0,16.57,104.76,303.0
mlandizi,21.05,1016.31,78.0,1.61,0.0,-6.71,38.74,304.0
qaqortoq,18,1020.0,36.0,4.1,20.0,60.72,-46.03,305.0
khash,23.45,1001.37,12.0,4.8,0.0,28.22,61.21,306.0
zheleznodorozhnyy,13.98,1008.0,51.0,4.0,0.0,55.75,38.0,307.0
luena,16.25,1015.44,43.0,0.99,0.0,-11.78,19.91,308.0
bratsk,13.94,1012.0,67.0,1.0,0.0,56.15,101.63,309.0
yerbogachen,16.45,1007.19,56.0,3.93,71.0,61.28,108.01,310.0
kolaras,32.25,997.17,55.0,3.8,100.0,25.22,77.61,311.0
chapais,28,1016.0,45.0,4.1,1.0,49.78,-74.86,312.0
qixingtai,22.75,1005.08,56.0,1.13,100.0,30.41,111.89,313.0
nhulunbuy,19,1015.0,93.0,1.5,51.0,-12.18,136.78,314.0
uvalde,31.1,1014.0,62.0,4.1,75.0,29.21,-99.79,315.0
pouebo,16.55,1015.47,88.0,1.79,76.0,-20.4,164.57,316.0
nemuro,10.95,1007.28,96.0,4.54,92.0,43.32,145.57,317.0
impfondo,23.55,1009.95,93.0,1.51,100.0,1.62,18.06,318.0
malangwa,28.95,1008.31,39.0,0.86,66.0,-2.84,17.57,319.0
chuy,9.15,1015.68,59.0,8.41,33.0,-33.69,-53.46,320.0
parrita,26,1017.0,50.0,8.2,0.0,9.52,-84.33,321.0
la macarena,30.15,1011.76,53.0,3.18,79.0,2.18,-73.79,322.0
biltine,36.95,1005.99,26.0,6.02,0.0,14.53,20.93,323.0
vila franca do campo,18,1023.0,93.0,3.6,75.0,37.72,-25.43,324.0
san quintin,24.15,1010.35,86.0,1.12,16.0,17.54,120.52,325.0
tiarei,22.88,1016.0,64.0,1.0,75.0,-17.53,-149.33,326.0
zhangye,21.65,1010.94,19.0,2.35,24.0,38.94,100.46,327.0
teshie,26,1012.0,88.0,5.7,75.0,5.58,-0.11,328.0
raudeberg,11.44,1011.0,62.0,7.2,20.0,61.99,5.14,329.0
nichinan,22.78,1005.0,94.0,1.34,100.0,31.65,131.31,330.0
beira,18.57,1016.0,93.0,1.0,75.0,43.2,-8.36,331.0
veraval,24.39,1020.0,36.0,3.6,0.0,49.65,0.71,332.0
triunfo,13.28,1017.0,56.0,7.2,0.0,-29.94,-51.72,333.0
drovyanaya,8,1011.0,81.0,2.0,22.0,51.58,113.05,334.0
santa cruz,29.55,1010.95,49.0,4.42,29.0,-6.22,-36.02,335.0
pirdop,24.89,1018.0,57.0,1.5,20.0,42.7,24.18,336.0
muli,21.85,1005.66,75.0,2.15,100.0,28.08,109.56,337.0
dunedin,6.67,1028.0,73.0,9.83,94.0,-45.87,170.5,338.0
ialibu,17.95,1014.49,99.0,1.0,100.0,-6.28,143.99,339.0
la sarre,31.85,1012.91,30.0,4.62,7.0,48.8,-79.2,340.0
abbeville,22.63,1021.0,64.0,4.1,0.0,50.11,1.83,341.0
rocha,7.25,1016.4,64.0,9.11,25.0,-34.48,-54.34,342.0
yulara,6,1023.0,56.0,3.1,0.0,-25.24,130.99,343.0
vestmannaeyjar,10.75,1008.79,88.0,1.39,84.0,63.44,-20.27,344.0
tiszadob,25,1018.0,36.0,0.5,0.0,48.01,21.17,345.0
teguldet,15.15,1006.86,97.0,1.57,61.0,57.31,88.17,346.0
zykovo,12.78,994.0,44.0,0.89,79.0,55.24,40.35,347.0
quatre cocos,21.22,1020.0,78.0,3.1,40.0,-20.21,57.76,348.0
arcelia,29.45,1014.24,68.0,0.82,100.0,18.32,-100.28,349.0
saint-paul,30.3,1018.0,33.0,2.1,0.0,45.22,1.9,350.0
springbok,11.25,1024.06,92.0,2.13,16.0,-29.67,17.88,351.0
bilibino,8.05,1011.04,73.0,1.17,98.0,68.06,166.44,352.0
faanui,24.15,1015.9,77.0,14.27,100.0,-16.48,-151.75,353.0
dolores,9.44,1021.0,57.0,8.05,0.0,-33.53,-58.22,354.0
mogok,21.85,1002.52,95.0,1.78,100.0,22.92,96.51,355.0
devonport,8.66,1038.0,94.0,1.18,16.0,-41.18,146.36,356.0
tazmalt,26,1014.0,94.0,4.1,75.0,36.39,4.4,357.0
sestri levante,27.77,1015.0,74.0,2.6,0.0,44.27,9.41,358.0
rondonopolis,32.65,1009.69,33.0,3.67,0.0,-16.46,-54.64,359.0
tazovskiy,17.15,1005.5,57.0,5.59,15.0,67.47,78.7,360.0
codrington,14.86,1028.0,87.0,3.1,75.0,-28.95,153.24,361.0
zapolyarnyy,10,999.0,76.0,4.6,75.0,69.43,30.82,362.0
gualaquiza,15.95,1012.68,70.0,2.94,92.0,-3.4,-78.58,363.0
filadelfia,13.75,1015.83,40.0,3.58,100.0,-22.35,-60.04,364.0
rawlins,23.35,1020.0,38.0,4.1,1.0,41.79,-107.24,365.0
salamanca,24.16,1027.0,47.0,1.73,75.0,20.57,-101.19,366.0
hede,8.53,1000.0,93.0,2.1,100.0,60.45,15.49,367.0
dong xoai,24.15,1010.2,92.0,1.99,85.0,11.53,106.92,368.0
saint anthony,18.81,1018.0,48.0,4.1,1.0,43.97,-111.68,369.0
souillac,31.7,1014.0,41.0,4.6,0.0,45.6,-0.6,370.0
waitati,6.67,1028.0,73.0,9.83,94.0,-45.75,170.57,371.0
inta,21.05,997.43,62.0,3.97,38.0,66.04,60.13,372.0
labuhan,21.85,1011.56,94.0,0.66,70.0,-2.54,115.51,373.0
discovery bay,32,1013.0,62.0,9.8,20.0,18.46,-77.4,374.0
suoyarvi,14.25,998.71,59.0,2.81,36.0,62.08,32.35,375.0
taonan,20,1016.0,71.0,0.89,53.0,45.34,122.78,376.0
gobabis,15,1026.0,14.0,1.5,0.0,-22.45,18.97,377.0
saint-pierre,26.3,1019.0,31.0,4.6,0.0,48.95,4.24,378.0
chupa,18,1033.0,3.0,1.5,0.0,-15.11,-69.99,379.0
qiongshan,27,1004.0,83.0,2.0,0.0,20.01,110.35,380.0
cervo,21,1016.0,56.0,3.15,40.0,-22.19,-46.24,381.0
palmas de monte alto,32.55,1010.26,24.0,2.59,0.0,-14.26,-43.16,382.0
mon,26.45,999.72,89.0,1.81,100.0,26.73,95.03,383.0
khandyga,11.05,1004.54,65.0,1.83,84.0,62.65,135.58,384.0
charleston,32.57,1016.0,70.0,3.6,20.0,32.79,-79.94,385.0
cap malheureux,21.3,1020.0,78.0,3.1,40.0,-19.98,57.61,386.0
juneau,17.44,1019.0,77.0,3.6,1.0,58.3,-134.42,387.0
ulaangom,17.05,1009.19,42.0,1.71,100.0,49.98,92.07,388.0
dzilam gonzalez,27.05,1014.46,84.0,5.82,0.0,21.28,-88.93,389.0
rognan,9.77,1005.0,87.0,3.6,75.0,67.1,15.4,390.0
big rapids,30.29,1016.0,62.0,3.69,75.0,43.7,-85.48,391.0
saint john,29,1016.0,45.0,3.6,40.0,45.28,-66.06,392.0
balkanabat,34.35,1007.71,15.0,2.44,0.0,39.51,54.36,393.0
altay,11.65,1013.3,82.0,1.26,100.0,47.83,88.13,394.0
lata,7.75,1005.37,88.0,1.11,82.0,30.78,78.62,395.0
acahay,14.75,1017.15,53.0,4.52,31.0,-25.91,-57.11,396.0
cairns,16.79,1015.0,82.0,4.1,15.0,-16.92,145.77,397.0
salta,11.1,1018.0,71.0,2.1,75.0,-24.79,-65.41,398.0
egvekinot,6.35,1013.8,92.0,6.14,73.0,66.32,-179.17,399.0
nouadhibou,23,1011.0,69.0,9.8,0.0,20.93,-17.03,400.0
jizan,34,1004.0,52.0,1.5,20.0,16.89,42.56,401.0
payo,19.15,1012.07,97.0,1.4,12.0,-3.75,103.64,402.0
japura,23.35,1011.55,96.0,0.96,44.0,-0.42,102.29,403.0
san patricio,14.45,1018.07,51.0,4.08,0.0,-26.98,-56.83,404.0
la libertad,22,1024.0,8.0,4.1,0.0,-16.38,-71.56,405.0
cehegin,26.95,1015.0,51.0,4.6,0.0,38.09,-1.8,406.0
jalu,30.65,1012.06,17.0,2.98,0.0,29.03,21.55,407.0
kamaishi,12.35,1006.72,97.0,0.76,37.0,39.28,141.86,408.0
minab,34,996.0,79.0,2.1,0.0,27.15,57.07,409.0
salalah,28,1001.0,94.0,2.6,75.0,17.01,54.1,410.0
ritchie,12,1023.0,40.0,2.71,0.0,-29.03,24.6,411.0
coffs harbour,13.67,1030.0,93.0,4.1,75.0,-30.3,153.13,412.0
galveston,30.95,1016.0,52.0,4.1,20.0,40.58,-86.19,413.0
ternate,28.34,1010.0,74.0,2.1,20.0,14.29,120.72,414.0
saldanha,27.95,1013.08,24.0,4.08,94.0,41.42,-6.55,415.0
grindavik,11.47,1010.0,81.0,7.7,75.0,63.84,-22.43,416.0
honningsvag,8.58,998.0,87.0,3.1,75.0,70.98,25.97,417.0
tura,19.75,1003.77,69.0,2.79,68.0,64.27,100.22,418.0
linxi,27,1006.0,100.0,3.0,75.0,23.65,116.7,419.0
victoria,25.55,1011.0,94.0,2.68,75.0,5.28,115.24,420.0
lumeje,19.45,1014.61,36.0,1.74,0.0,-11.56,20.78,421.0
guerrero negro,17.85,1012.51,86.0,5.17,0.0,27.97,-114.04,422.0
karratha,20.55,1015.67,81.0,2.02,20.0,-20.74,116.85,423.0
flinders,12.87,1035.0,100.0,4.1,90.0,-34.58,150.85,424.0
antsohihy,25.15,1017.17,62.0,5.27,6.0,-14.88,47.99,425.0
hitachi,18.57,1006.0,93.0,3.1,40.0,36.6,140.65,426.0
leningradskiy,1.95,1011.68,98.0,2.04,100.0,69.38,178.42,427.0
monrovia,25,1012.0,94.0,2.1,75.0,6.33,-10.8,428.0
novobirilyussy,15.95,1007.57,95.0,1.11,98.0,56.95,90.69,429.0
koppal,24.75,1007.48,76.0,10.68,99.0,15.35,76.15,430.0
vao,12.45,1004.42,72.0,1.05,64.0,59.1,26.19,431.0
richards bay,20.55,1017.5,63.0,3.52,0.0,-28.77,32.06,432.0
chinhoyi,15.25,1019.75,36.0,2.83,0.0,-17.36,30.19,433.0
northam,10,1012.0,93.0,1.5,90.0,-31.65,116.67,434.0
tomatlan,30.55,1011.96,54.0,2.98,0.0,19.93,-105.25,435.0
korhogo,27.45,1008.78,79.0,3.08,88.0,9.46,-5.63,436.0
camacha,21.57,1018.0,83.0,6.7,75.0,33.08,-16.33,437.0
pangody,23.75,1002.63,59.0,4.1,86.0,65.85,74.49,438.0
talnakh,14,1009.0,62.0,9.0,0.0,69.49,88.39,439.0
ostrovnoy,9.25,996.99,95.0,5.17,100.0,68.05,39.51,440.0
shelburne,30.52,1017.0,48.0,5.7,20.0,44.08,-80.2,441.0
pullman,21.89,1017.0,40.0,2.1,1.0,46.73,-117.17,442.0
plouzane,21.42,1020.0,60.0,6.2,0.0,48.38,-4.62,443.0
cascais,20.44,1016.0,77.0,3.6,20.0,38.7,-9.42,444.0
inuvik,13.55,1021.0,93.0,2.6,90.0,68.36,-133.71,445.0
barahona,31,1016.0,62.0,5.1,40.0,18.21,-71.1,446.0
nata,19.35,1020.02,25.0,4.53,0.0,-20.21,26.19,447.0
quimper,23.58,1018.0,47.0,3.1,0.0,48.0,-4.1,448.0
port blair,28.85,1008.23,82.0,9.49,100.0,11.67,92.75,449.0
staryy nadym,21.15,1002.01,72.0,1.58,54.0,65.61,72.68,450.0
verkhnyaya inta,21.05,997.43,62.0,3.97,38.0,65.99,60.32,451.0
yuncheng,23.75,1003.59,51.0,0.49,0.0,35.03,111.0,452.0
cam ranh,29,1008.0,62.0,5.7,20.0,11.92,109.15,453.0
steamboat springs,23.58,1020.0,31.0,2.6,1.0,40.48,-106.83,454.0
la orilla,30.45,1012.42,61.0,4.24,100.0,18.0,-102.23,455.0
portland,30.66,1018.0,42.0,5.1,75.0,43.66,-70.25,456.0
aguimes,23.63,1017.0,69.0,12.3,20.0,27.91,-15.45,457.0
port dover,28.61,1017.0,69.0,1.5,75.0,42.79,-80.2,458.0
malinovskiy,11.85,1011.38,76.0,3.07,14.0,54.15,34.53,459.0
soller,22.82,1022.0,45.0,2.1,62.0,50.73,6.56,460.0
jardim,16.05,1012.89,95.0,1.54,92.0,-21.48,-56.15,461.0
ambanja,26.35,1016.42,70.0,3.07,75.0,-13.68,48.45,462.0
ferme-neuve,31.45,1016.23,33.0,2.76,36.0,46.7,-75.45,463.0
comodoro rivadavia,5,1025.0,65.0,1.0,20.0,-45.87,-67.48,464.0
mae sot,22.25,1006.34,99.0,2.21,100.0,16.71,98.57,465.0
clyde river,2,1020.0,100.0,2.6,90.0,70.47,-68.59,466.0
san jose,32,1016.0,38.0,5.7,1.0,14.25,-87.96,467.0
bumba,23.75,1009.18,86.0,1.46,36.0,2.18,22.47,468.0
touros,29,1012.0,74.0,5.7,75.0,-5.2,-35.46,469.0
bukachacha,5.25,1011.84,73.0,1.69,0.0,52.99,116.91,470.0
lakselv,10,999.0,81.0,10.8,75.0,70.05,24.96,471.0
cadillac,29.96,1016.0,58.0,3.1,40.0,44.25,-85.4,472.0
taitung,17.85,1007.16,79.0,3.27,100.0,22.76,121.15,473.0
bauchi,25.75,1009.27,72.0,3.79,86.0,10.31,9.85,474.0
effingham,31.06,1016.0,62.0,2.6,40.0,39.12,-88.54,475.0
kulhudhuffushi,28.55,1010.67,76.0,4.75,83.0,6.62,73.07,476.0
dunkwa,24.05,1011.61,97.0,1.8,100.0,5.97,-1.78,477.0
micheweni,26.25,1015.64,78.0,10.48,12.0,-4.97,39.83,478.0
pershotravneve,14.35,1017.01,78.0,2.84,41.0,50.29,32.43,479.0
mantua,28.53,1016.0,51.0,2.1,0.0,45.16,10.79,480.0
novopskov,16.05,1015.41,65.0,2.66,45.0,49.54,39.1,481.0
bathsheba,29,1014.0,79.0,9.3,40.0,13.22,-59.52,482.0
naryan-mar,18.15,996.39,84.0,3.14,83.0,67.67,53.09,483.0
birin,17.45,1004.31,94.0,0.89,90.0,26.89,88.07,484.0
henties bay,16.11,1019.0,72.0,5.25,0.0,-22.12,14.28,485.0
vanimo,27.15,1010.37,77.0,2.59,43.0,-2.67,141.3,486.0
panorama,22.25,1010.68,83.0,2.66,57.0,-21.35,-51.86,487.0
moron,28.25,1015.09,71.0,1.87,60.0,18.56,-74.26,488.0
kinston,33.05,1016.0,44.0,2.6,1.0,35.26,-77.58,489.0
natal,29,1013.0,70.0,6.7,40.0,-5.81,-35.21,490.0
buinsk,12.15,1007.38,78.0,4.05,4.0,54.97,48.29,491.0
pochutla,32.27,1012.0,59.0,2.38,75.0,15.74,-96.47,492.0
lazaro cardenas,31.06,1019.0,25.0,3.6,40.0,28.39,-105.62,493.0
sept-iles,20.13,1014.0,60.0,3.6,40.0,50.2,-66.38,494.0
lufilufi,23,1012.0,100.0,2.1,75.0,-13.87,-171.6,495.0
strezhevoy,18,1001.0,100.0,2.0,65.0,60.73,77.6,496.0
aosta,24.06,1017.0,51.0,6.7,7.0,45.74,7.32,497.0
sao jose da coroa grande,26.45,1012.89,81.0,3.12,50.0,-8.9,-35.15,498.0
lalin,20,1000.0,88.0,4.0,40.0,45.23,126.86,499.0
brigham city,22.65,1016.0,35.0,0.73,40.0,41.51,-112.02,500.0
petropavlovsk-kamchatskiy,9,1014.0,100.0,1.0,90.0,53.05,158.65,501.0
fairbanks,16.56,1025.0,67.0,2.1,90.0,64.84,-147.72,502.0
grootfontein,9.85,1019.08,45.0,2.42,0.0,-19.56,18.1,503.0
rincon,23.8,1009.0,70.0,3.1,40.0,8.46,-82.28,504.0
baracoa,29.15,1015.01,70.0,4.51,0.0,20.35,-74.5,505.0
kiskunhalas,24.45,1018.0,38.0,2.1,0.0,46.43,19.48,506.0
namatanai,26.15,1009.72,84.0,6.49,90.0,-3.66,152.44,507.0
huanuco,27,1019.0,34.0,7.2,20.0,-9.93,-76.24,508.0
calama,21,1024.0,11.0,5.7,0.0,-22.46,-68.93,509.0
tondon,26.65,1011.41,87.0,2.47,83.0,10.37,-13.36,510.0
dzhebariki-khaya,8.45,1004.8,83.0,1.64,88.0,62.22,135.8,511.0
kpandae,27.05,1010.58,80.0,3.66,91.0,8.46,-0.01,512.0
nacimiento,10,1024.0,71.0,6.7,20.0,-37.5,-72.67,513.0
bonfim,32.05,1009.69,53.0,4.32,18.0,3.36,-59.84,514.0
muisne,28,1011.0,83.0,3.1,90.0,0.61,-80.02,515.0
warrington,18,1023.0,42.0,4.6,0.0,53.39,-2.59,516.0
necochea,7.78,1017.0,65.0,5.81,100.0,-38.55,-58.74,517.0
brae,11,1014.0,81.0,5.1,100.0,60.4,-1.35,518.0
bend,21.44,1018.0,28.0,1.22,1.0,44.06,-121.32,519.0
linxia,15.05,1009.5,46.0,4.99,0.0,35.6,103.21,520.0
inhambane,19,1021.0,77.0,2.55,0.0,-23.87,35.38,521.0
birao,29.65,1008.58,50.0,1.84,39.0,10.3,22.78,522.0
arauca,32,1012.0,59.0,2.6,20.0,7.08,-70.76,523.0
port augusta,4.67,1028.0,100.0,2.1,0.0,-32.49,137.76,524.0
nizhnyaya tavda,13.85,1000.46,96.0,2.34,65.0,57.67,66.17,525.0
jimma,14.75,1015.01,95.0,0.52,77.0,7.67,36.84,526.0
aksarka,19.85,1001.26,77.0,4.5,48.0,66.56,67.8,527.0
sao joao da barra,27.44,1010.0,58.0,5.1,0.0,-21.64,-41.05,528.0
vyritsa,14.68,1005.0,54.0,5.0,20.0,59.41,30.35,529.0
thinadhoo,28.85,1010.61,78.0,4.59,82.0,0.53,72.93,530.0
lilongwe,18.45,1019.51,51.0,3.29,74.0,-13.97,33.79,531.0
mizan teferi,18.15,1012.66,96.0,1.19,95.0,6.99,35.58,532.0
langsa,20.85,1011.18,94.0,1.17,96.0,4.47,97.97,533.0
srednekolymsk,10.35,1006.27,76.0,5.43,100.0,67.46,153.71,534.0
